{
    "MAE": 269.00495125125144,
    "RMSE": 332.43004702262294,
    "R2": 0.9995979557160768,
    "SharpeRatio": -6.998074898208269e-17,
    "MaxDrawdown": 0.015498871160996686,
    "CumulativeReturn": 18.720783192500257,
    "CAGR": 0.1102725686805639,
    "ProfitFactor": 6.429382567054724
}