{
    "NBEATSModel": {
        "MAE": 529.3639373586416,
        "RMSE": 681.6245512031877,
        "R2": 0.9983728777726839,
        "SMAPE": 0.6726558771587973
    },
    "TFTModel": {
        "MAE": 504.59374704681596,
        "RMSE": 654.8962437831242,
        "R2": 0.9985029785569216,
        "SMAPE": 0.6466989833414133
    }
}
