{
    "NBEATSModel": {
        "RMSE": 581.0408015233388,
        "MAE": 439.99294038059844,
        "MAPE": 0.7278966639124349,
        "R2": 0.8993434740201078
    },
    "TFTModel": {
        "RMSE": 524.9060959052235,
        "MAE": 382.05430107760276,
        "MAPE": 0.5993890880994037,
        "R2": 0.8394642010121454
    }
}